,episode,steps,meanepreward,meaneplen,#parallel_run
0,0,5200,-1241.0187625967649,200.0,0
1,1,10400,-1224.5667848465212,200.0,0
2,2,15600,-1254.0796918585543,200.0,0
3,3,20800,-1233.3349662731184,200.0,0
4,4,26000,-1240.840067893006,200.0,0
5,5,31200,-1217.0087582770275,200.0,0
6,6,36400,-1163.9987938108573,200.0,0
7,7,41600,-1125.8914698735796,200.0,0
8,8,46800,-1119.4931942215283,200.0,0
9,9,52000,-1190.577424101909,200.0,0
10,10,57200,-1194.5045552933288,200.0,0
11,11,62400,-1078.3221583485215,200.0,0
12,12,67600,-1195.3487598018887,200.0,0
13,13,72800,-1162.1914476573058,200.0,0
14,14,78000,-1129.7534797413134,200.0,0
15,15,83200,-1148.5334087262943,200.0,0
16,16,88400,-1119.6907233254283,200.0,0
17,17,93600,-1195.222789710046,200.0,0
18,18,98800,-1090.502205457877,200.0,0
19,19,104000,-1156.0990515097944,200.0,0
20,20,109200,-1092.4345700075016,200.0,0
21,21,114400,-1054.3504186251905,200.0,0
22,22,119600,-1120.1745338867097,200.0,0
23,23,124800,-1140.7857230841744,200.0,0
24,24,130000,-1080.5186952704162,200.0,0
25,25,135200,-1063.373733648066,200.0,0
26,26,140400,-1067.5558490580797,200.0,0
27,27,145600,-1106.4912741161781,200.0,0
28,28,150800,-1063.5406470493897,200.0,0
29,29,156000,-1054.032812629134,200.0,0
30,30,161200,-1041.312464337646,200.0,0
31,31,166400,-1020.6482637585709,200.0,0
32,32,171600,-1009.4945571800599,200.0,0
33,33,176800,-1042.1475613605073,200.0,0
34,34,182000,-1022.5685592965692,200.0,0
35,35,187200,-1031.7049449508672,200.0,0
36,36,192400,-1061.6280317540854,200.0,0
37,37,197600,-1068.7875521003675,200.0,0
38,38,202800,-1066.0514568006865,200.0,0
39,39,208000,-1064.5639694047952,200.0,0
40,40,213200,-1070.3038808596482,200.0,0
41,41,218400,-1073.458956489985,200.0,0
42,42,223600,-1072.6515047763091,200.0,0
43,43,228800,-1020.1783865841348,200.0,0
44,44,234000,-1021.078807132809,200.0,0
45,45,239200,-1005.709370049452,200.0,0
46,46,244400,-995.5170866234718,200.0,0
47,47,249600,-1027.9950988317871,200.0,0
48,48,254800,-1024.6860565134493,200.0,0
49,49,260000,-1008.6552822393913,200.0,0
50,50,265200,-984.9268888100816,200.0,0
51,51,270400,-1039.6798433279982,200.0,0
52,52,275600,-999.8316347177011,200.0,0
53,53,280800,-1025.2404503870634,200.0,0
54,54,286000,-1000.7535122240818,200.0,0
55,55,291200,-1035.6596660186026,200.0,0
56,56,296400,-1009.8372665760969,200.0,0
57,57,301600,-1051.1362241293102,200.0,0
58,58,306800,-998.9812258977092,200.0,0
59,59,312000,-951.3628393110131,200.0,0
60,60,317200,-1033.199054588744,200.0,0
61,61,322400,-1031.6656912823028,200.0,0
62,62,327600,-1047.2165726190988,200.0,0
63,63,332800,-1043.4939689396322,200.0,0
64,64,338000,-1060.289903923876,200.0,0
65,65,343200,-1049.6541888327918,200.0,0
66,66,348400,-1160.0595217444911,200.0,0
67,67,353600,-1110.1447160710313,200.0,0
68,68,358800,-1049.4693831821523,200.0,0
69,69,364000,-1035.353156236747,200.0,0
70,70,369200,-1038.2067741118599,200.0,0
71,71,374400,-1091.7781207613475,200.0,0
72,72,379600,-1104.8371284538869,200.0,0
73,73,384800,-1047.6177606098242,200.0,0
74,74,390000,-1049.2466592260682,200.0,0
75,75,395200,-1012.1580026544475,200.0,0
76,76,400400,-1055.0061289786506,200.0,0
77,77,405600,-1037.5261377415152,200.0,0
78,78,410800,-1043.2889910111176,200.0,0
79,79,416000,-1008.2385190811955,200.0,0
80,80,421200,-1023.289581909308,200.0,0
81,81,426400,-1024.3548733500718,200.0,0
82,82,431600,-1019.5792257487093,200.0,0
83,83,436800,-1017.0846681986039,200.0,0
84,84,442000,-1028.8255026789102,200.0,0
85,85,447200,-990.3926629404189,200.0,0
86,86,452400,-1009.8675661487257,200.0,0
87,87,457600,-1041.3906614315183,200.0,0
88,88,462800,-1029.3677430258806,200.0,0
89,89,468000,-1017.7443895069508,200.0,0
90,90,473200,-1062.2605416407341,200.0,0
91,91,478400,-1062.9033725144802,200.0,0
92,92,483600,-1037.651340238115,200.0,0
93,93,488800,-1067.4300118865037,200.0,0
94,94,494000,-1053.3504694953635,200.0,0
95,95,499200,-1062.4082945446557,200.0,0
96,96,504400,-1075.93871882054,200.0,0
97,97,509600,-1021.4596692848843,200.0,0
98,98,514800,-1071.9034469611229,200.0,0
99,99,520000,-1070.5342882759041,200.0,0
100,100,525200,-1058.4478579428028,200.0,0
101,101,530400,-1069.4319607997418,200.0,0
102,102,535600,-1038.9785711488003,200.0,0
103,103,540800,-1048.2426817063315,200.0,0
104,104,546000,-1045.1792967807403,200.0,0
105,105,551200,-1102.423798139209,200.0,0
106,106,556400,-1091.8135411939975,200.0,0
107,107,561600,-1121.83762824824,200.0,0
108,108,566800,-1105.9608206686778,200.0,0
109,109,572000,-1125.2069579344438,200.0,0
110,110,577200,-1124.459257569461,200.0,0
111,111,582400,-1088.7089878410666,200.0,0
112,112,587600,-1113.697828806598,200.0,0
113,113,592800,-1086.5503782388055,200.0,0
114,114,598000,-1079.037971654752,200.0,0
115,115,603200,-1132.6216203930705,200.0,0
116,116,608400,-1146.3347094684182,200.0,0
117,117,613600,-1092.4021623981405,200.0,0
118,118,618800,-1137.0020454852145,200.0,0
119,119,624000,-1089.5132701650334,200.0,0
120,120,629200,-1112.0446353573234,200.0,0
121,121,634400,-1129.9822405456596,200.0,0
122,122,639600,-1145.2555945695265,200.0,0
123,123,644800,-1140.37416541099,200.0,0
124,124,650000,-1167.0252208861568,200.0,0
125,125,655200,-1186.2197928640455,200.0,0
126,126,660400,-1162.0745601824224,200.0,0
127,127,665600,-1169.9383729898582,200.0,0
128,128,670800,-1189.359391838784,200.0,0
129,129,676000,-1195.9592772957787,200.0,0
130,130,681200,-1167.4357974158484,200.0,0
131,131,686400,-1162.213148745331,200.0,0
132,132,691600,-1163.6473143579153,200.0,0
133,133,696800,-1175.504879977503,200.0,0
134,134,702000,-1157.3070436966073,200.0,0
135,135,707200,-1183.7633688784395,200.0,0
136,136,712400,-1194.9263522036533,200.0,0
137,137,717600,-1195.447673357568,200.0,0
138,138,722800,-1183.9406381347667,200.0,0
139,139,728000,-1174.3701138172469,200.0,0
140,140,733200,-1147.4754112144863,200.0,0
141,141,738400,-1153.2142779425392,200.0,0
142,142,743600,-1129.946388149921,200.0,0
143,143,748800,-1147.3170351789101,200.0,0
144,144,754000,-1180.5007177618425,200.0,0
145,145,759200,-1206.159928871014,200.0,0
146,146,764400,-1190.4634016356065,200.0,0
147,147,769600,-1195.228639539227,200.0,0
148,148,774800,-1185.811074125043,200.0,0
149,149,780000,-1215.1350465645883,200.0,0
150,150,785200,-1265.0649492334003,200.0,0
151,151,790400,-1250.3358405661556,200.0,0
152,152,795600,-1273.4069124932478,200.0,0
153,153,800800,-1297.9920277797178,200.0,0
154,154,806000,-1268.8668821052497,200.0,0
155,155,811200,-1263.2008890473032,200.0,0
156,156,816400,-1212.317080820232,200.0,0
157,157,821600,-1246.1448416941694,200.0,0
158,158,826800,-1255.5119605448926,200.0,0
159,159,832000,-1269.702808196619,200.0,0
160,160,837200,-1268.4910035216128,200.0,0
161,161,842400,-1258.6528650942873,200.0,0
162,162,847600,-1275.1076009907144,200.0,0
163,163,852800,-1210.5020707886893,200.0,0
164,164,858000,-1259.2407974051825,200.0,0
165,165,863200,-1271.8147001872965,200.0,0
166,166,868400,-1233.6792093045385,200.0,0
167,167,873600,-1263.2087984792865,200.0,0
168,168,878800,-1250.4483162949289,200.0,0
169,169,884000,-1267.3641991371774,200.0,0
170,170,889200,-1248.9345506144837,200.0,0
171,171,894400,-1232.7472449913253,200.0,0
172,172,899600,-1220.8977913888086,200.0,0
173,173,904800,-1236.1622261255995,200.0,0
174,174,910000,-1264.9892776214986,200.0,0
175,175,915200,-1254.0959935495905,200.0,0
176,176,920400,-1256.6456367409705,200.0,0
177,177,925600,-1230.0281222614203,200.0,0
178,178,930800,-1237.182664771231,200.0,0
179,179,936000,-1245.0215577089405,200.0,0
180,180,941200,-1279.0829060745928,200.0,0
181,181,946400,-1280.6507972691377,200.0,0
182,182,951600,-1275.6864221373735,200.0,0
183,183,956800,-1237.5118616090826,200.0,0
184,184,962000,-1250.1791276693484,200.0,0
185,185,967200,-1286.535435192585,200.0,0
186,186,972400,-1286.2053059296281,200.0,0
187,187,977600,-1308.486793432842,200.0,0
188,188,982800,-1284.3610497710672,200.0,0
189,189,988000,-1262.9896567486326,200.0,0
190,190,993200,-1279.4031212057112,200.0,0
191,191,998400,-1227.037908627312,200.0,0
192,192,1003600,-1272.9236802428181,200.0,0
193,193,1008800,-1285.4061033857352,200.0,0
194,194,1014000,-1213.6820106667105,200.0,0
195,195,1019200,-1260.894382127504,200.0,0
196,196,1024400,-1225.11263936985,200.0,0
197,197,1029600,-1261.2164521131697,200.0,0
198,198,1034800,-1234.2513140390981,200.0,0
199,199,1040000,-1236.816036836824,200.0,0
200,200,1045200,-1243.8424502373057,200.0,0
201,201,1050400,-1250.9194105178901,200.0,0
202,202,1055600,-1245.1063099011867,200.0,0
203,203,1060800,-1252.54923430519,200.0,0
204,204,1066000,-1254.768015203312,200.0,0
205,205,1071200,-1240.3070739701193,200.0,0
206,206,1076400,-1237.1510402367162,200.0,0
207,207,1081600,-1243.8579213484873,200.0,0
208,208,1086800,-1209.345214719462,200.0,0
209,209,1092000,-1244.5229357855173,200.0,0
210,210,1097200,-1293.3206671001042,200.0,0
211,211,1102400,-1290.6093001254824,200.0,0
212,212,1107600,-1270.0945054696556,200.0,0
213,213,1112800,-1253.8444127775904,200.0,0
214,214,1118000,-1258.1919805847517,200.0,0
215,215,1123200,-1255.1358415363734,200.0,0
216,216,1128400,-1266.5881062690937,200.0,0
217,217,1133600,-1270.7256186658924,200.0,0
218,218,1138800,-1214.862832563341,200.0,0
219,219,1144000,-1253.887448209005,200.0,0
220,220,1149200,-1268.043685168656,200.0,0
221,221,1154400,-1248.9761317042123,200.0,0
222,222,1159600,-1277.3125221434889,200.0,0
223,223,1164800,-1285.7698264575706,200.0,0
224,224,1170000,-1240.4445753203195,200.0,0
225,225,1175200,-1235.2058253367982,200.0,0
226,226,1180400,-1280.1232319642716,200.0,0
227,227,1185600,-1258.6567388841413,200.0,0
228,228,1190800,-1288.9082280618074,200.0,0
229,229,1196000,-1298.4547278540833,200.0,0
230,230,1201200,-1283.5901552864916,200.0,0
231,231,1206400,-1281.4824354117284,200.0,0
232,232,1211600,-1276.5449852146178,200.0,0
233,233,1216800,-1302.1013787141399,200.0,0
234,234,1222000,-1250.459710469877,200.0,0
235,235,1227200,-1271.917487409006,200.0,0
236,236,1232400,-1286.4098905558285,200.0,0
237,237,1237600,-1266.1975653443208,200.0,0
238,238,1242800,-1235.2192285600854,200.0,0
239,239,1248000,-1263.934272085095,200.0,0
240,240,1253200,-1255.3563917512054,200.0,0
241,241,1258400,-1235.2043363955238,200.0,0
242,242,1263600,-1275.243813148451,200.0,0
243,243,1268800,-1220.8203024955321,200.0,0
244,244,1274000,-1251.0077677082468,200.0,0
245,245,1279200,-1238.1702028810598,200.0,0
246,246,1284400,-1209.541913373078,200.0,0
247,247,1289600,-1217.4199796320775,200.0,0
248,248,1294800,-1232.767990873847,200.0,0
249,249,1300000,-1206.5842317438694,200.0,0
250,250,1305200,-1226.6851034961778,200.0,0
251,251,1310400,-1232.7014048552935,200.0,0
252,252,1315600,-1235.1519114197524,200.0,0
253,253,1320800,-1224.0225848912373,200.0,0
254,254,1326000,-1238.6822421599934,200.0,0
255,255,1331200,-1258.1823149715406,200.0,0
256,256,1336400,-1236.6419039228435,200.0,0
257,257,1341600,-1207.637186725281,200.0,0
258,258,1346800,-1211.189222084089,200.0,0
259,259,1352000,-1225.9463755247702,200.0,0
260,260,1357200,-1234.2005409631947,200.0,0
261,261,1362400,-1221.50069195833,200.0,0
262,262,1367600,-1229.7012193095322,200.0,0
263,263,1372800,-1240.6689521444484,200.0,0
264,264,1378000,-1249.007640490999,200.0,0
265,265,1383200,-1220.024290868718,200.0,0
266,266,1388400,-1232.6717035040137,200.0,0
267,267,1393600,-1252.8846664238758,200.0,0
268,268,1398800,-1240.2769881414981,200.0,0
269,269,1404000,-1260.2555573360428,200.0,0
270,270,1409200,-1241.9969278315918,200.0,0
271,271,1414400,-1223.3511226306803,200.0,0
272,272,1419600,-1238.497375970705,200.0,0
273,273,1424800,-1260.9425329174571,200.0,0
274,274,1430000,-1230.9082665394344,200.0,0
275,275,1435200,-1252.2982657393352,200.0,0
276,276,1440400,-1261.6155316134345,200.0,0
277,277,1445600,-1252.2461704957632,200.0,0
278,278,1450800,-1250.15325820909,200.0,0
279,279,1456000,-1231.0867690270384,200.0,0
280,280,1461200,-1229.8952711763277,200.0,0
281,281,1466400,-1260.477495716074,200.0,0
282,282,1471600,-1268.5422034556796,200.0,0
283,283,1476800,-1244.3047033779205,200.0,0
284,284,1482000,-1279.0657328229938,200.0,0
285,285,1487200,-1279.4306717506417,200.0,0
286,286,1492400,-1273.5984682431824,200.0,0
287,287,1497600,-1280.870480478557,200.0,0
288,288,1502800,-1251.1105808087884,200.0,0
289,289,1508000,-1297.5269352340035,200.0,0
290,290,1513200,-1268.1940783143095,200.0,0
291,291,1518400,-1267.21671263447,200.0,0
292,292,1523600,-1266.667486388433,200.0,0
293,293,1528800,-1222.3134820416303,200.0,0
294,294,1534000,-1224.1584877428877,200.0,0
295,295,1539200,-1248.698279916379,200.0,0
296,296,1544400,-1247.1298322387518,200.0,0
297,297,1549600,-1227.0681950207736,200.0,0
298,298,1554800,-1210.2238186301588,200.0,0
299,299,1560000,-1256.6118031003014,200.0,0
300,300,1565200,-1236.391587543904,200.0,0
301,301,1570400,-1265.0989743221226,200.0,0
302,302,1575600,-1289.5345208831131,200.0,0
303,303,1580800,-1293.3729279904692,200.0,0
304,304,1586000,-1264.6847896431225,200.0,0
305,305,1591200,-1258.0744632710548,200.0,0
306,306,1596400,-1253.6617917578399,200.0,0
307,307,1601600,-1286.7195503662851,200.0,0
308,308,1606800,-1258.2001110709066,200.0,0
309,309,1612000,-1251.9669006249542,200.0,0
310,310,1617200,-1269.579753839628,200.0,0
311,311,1622400,-1264.1434202711655,200.0,0
312,312,1627600,-1257.341852084455,200.0,0
313,313,1632800,-1292.7572344319994,200.0,0
314,314,1638000,-1261.7685364289237,200.0,0
315,315,1643200,-1271.6788614748596,200.0,0
316,316,1648400,-1253.8472562549016,200.0,0
317,317,1653600,-1267.7131195025609,200.0,0
318,318,1658800,-1240.4055113094041,200.0,0
319,319,1664000,-1252.6365329214989,200.0,0
320,320,1669200,-1265.1200976262194,200.0,0
321,321,1674400,-1235.2145583803706,200.0,0
322,322,1679600,-1218.7864163331428,200.0,0
323,323,1684800,-1282.4068919766944,200.0,0
324,324,1690000,-1247.4306574254404,200.0,0
325,325,1695200,-1212.0361222032063,200.0,0
326,326,1700400,-1233.0561393824498,200.0,0
327,327,1705600,-1250.2644752553385,200.0,0
328,328,1710800,-1245.8239949366503,200.0,0
329,329,1716000,-1235.2344521860725,200.0,0
330,330,1721200,-1249.160267093224,200.0,0
331,331,1726400,-1237.288935955398,200.0,0
332,332,1731600,-1224.7734610938408,200.0,0
333,333,1736800,-1233.4901085035765,200.0,0
334,334,1742000,-1224.2208030996521,200.0,0
335,335,1747200,-1251.7205534750485,200.0,0
336,336,1752400,-1264.7611340573644,200.0,0
337,337,1757600,-1249.0955404159276,200.0,0
338,338,1762800,-1258.3611697379245,200.0,0
339,339,1768000,-1230.1702683664494,200.0,0
340,340,1773200,-1217.7836584134623,200.0,0
341,341,1778400,-1239.7191052345129,200.0,0
342,342,1783600,-1168.4049642699479,200.0,0
343,343,1788800,-1245.5047468956386,200.0,0
344,344,1794000,-1252.231797464424,200.0,0
345,345,1799200,-1230.8299919472674,200.0,0
346,346,1804400,-1248.262781658226,200.0,0
347,347,1809600,-1208.4548177148881,200.0,0
348,348,1814800,-1251.730395769865,200.0,0
349,349,1820000,-1249.74978211617,200.0,0
350,350,1825200,-1248.564640681616,200.0,0
351,351,1830400,-1234.964969576404,200.0,0
352,352,1835600,-1243.7323290136005,200.0,0
353,353,1840800,-1208.4638021412682,200.0,0
354,354,1846000,-1247.0258530493434,200.0,0
355,355,1851200,-1228.1969894346817,200.0,0
356,356,1856400,-1235.0844587918307,200.0,0
357,357,1861600,-1237.7962437037056,200.0,0
358,358,1866800,-1243.7594783199982,200.0,0
359,359,1872000,-1206.0019435578956,200.0,0
360,360,1877200,-1248.8722593282018,200.0,0
361,361,1882400,-1244.826614708452,200.0,0
362,362,1887600,-1223.4509173635543,200.0,0
363,363,1892800,-1222.79515009064,200.0,0
364,364,1898000,-1231.6768205079288,200.0,0
365,365,1903200,-1260.368316466727,200.0,0
366,366,1908400,-1247.3214399939807,200.0,0
367,367,1913600,-1250.4673535819159,200.0,0
368,368,1918800,-1248.2332608006886,200.0,0
369,369,1924000,-1247.9250470211905,200.0,0
370,370,1929200,-1225.547989226724,200.0,0
371,371,1934400,-1269.271141044546,200.0,0
372,372,1939600,-1235.6560466709382,200.0,0
373,373,1944800,-1250.6869065812136,200.0,0
374,374,1950000,-1254.0720838613463,200.0,0
375,375,1955200,-1256.220102250166,200.0,0
376,376,1960400,-1238.1141135851447,200.0,0
377,377,1965600,-1239.6792538406808,200.0,0
378,378,1970800,-1210.5270182399736,200.0,0
379,379,1976000,-1234.9756039018082,200.0,0
380,380,1981200,-1214.9893529978963,200.0,0
381,381,1986400,-1220.5580397263816,200.0,0
382,382,1991600,-1232.4984903252514,200.0,0
383,383,1996800,-1249.8789455926692,200.0,0
384,384,2002000,-1190.1612154084519,200.0,0
385,385,2007200,-1198.1155462772763,200.0,0
386,386,2012400,-1205.703983006958,200.0,0
387,387,2017600,-1231.550900301409,200.0,0
388,388,2022800,-1243.4594815362143,200.0,0
389,389,2028000,-1267.1400079157297,200.0,0
390,390,2033200,-1246.4464560168885,200.0,0
391,391,2038400,-1261.9896499265683,200.0,0
392,392,2043600,-1235.1855628920334,200.0,0
393,393,2048800,-1242.8236964564926,200.0,0
394,394,2054000,-1257.8953316112468,200.0,0
395,395,2059200,-1264.5742932489288,200.0,0
396,396,2064400,-1240.7984305950822,200.0,0
397,397,2069600,-1250.5307025234338,200.0,0
398,398,2074800,-1255.1689492937555,200.0,0
399,399,2080000,-1231.108449580698,200.0,0
400,400,2085200,-1243.2966818030193,200.0,0
401,401,2090400,-1255.7069432149422,200.0,0
402,402,2095600,-1243.1556668544094,200.0,0
403,403,2100800,-1246.6050400624808,200.0,0
404,404,2106000,-1230.1801192511869,200.0,0
405,405,2111200,-1231.7428281465127,200.0,0
406,406,2116400,-1258.7949345959555,200.0,0
407,407,2121600,-1235.7652202030915,200.0,0
408,408,2126800,-1228.2744891985374,200.0,0
409,409,2132000,-1237.0933713123898,200.0,0
410,410,2137200,-1270.6760826736952,200.0,0
411,411,2142400,-1249.5735847838132,200.0,0
412,412,2147600,-1257.361111764275,200.0,0
413,413,2152800,-1219.498241900326,200.0,0
414,414,2158000,-1254.2575818491855,200.0,0
415,415,2163200,-1226.8328947027599,200.0,0
416,416,2168400,-1262.397177849729,200.0,0
417,417,2173600,-1249.3371845532822,200.0,0
418,418,2178800,-1246.1431699635489,200.0,0
419,419,2184000,-1252.0426666737476,200.0,0
420,420,2189200,-1229.867266421344,200.0,0
421,421,2194400,-1228.3014712994957,200.0,0
422,422,2199600,-1263.1553432520366,200.0,0
423,423,2204800,-1270.123102622281,200.0,0
424,424,2210000,-1254.270899217926,200.0,0
425,425,2215200,-1252.2778310017854,200.0,0
426,426,2220400,-1273.2595412566411,200.0,0
427,427,2225600,-1265.3948187220558,200.0,0
428,428,2230800,-1277.4510954571479,200.0,0
429,429,2236000,-1268.906505530689,200.0,0
430,430,2241200,-1255.3187458288735,200.0,0
431,431,2246400,-1275.4162480685166,200.0,0
432,432,2251600,-1271.3859067484398,200.0,0
433,433,2256800,-1275.3185570853939,200.0,0
434,434,2262000,-1246.7288713509972,200.0,0
435,435,2267200,-1239.4084295861512,200.0,0
436,436,2272400,-1276.5116223309296,200.0,0
437,437,2277600,-1259.6339927073775,200.0,0
438,438,2282800,-1257.2749105365567,200.0,0
439,439,2288000,-1282.8780523676335,200.0,0
440,440,2293200,-1251.1022963032447,200.0,0
441,441,2298400,-1253.4246985770767,200.0,0
442,442,2303600,-1265.101011516526,200.0,0
443,443,2308800,-1237.314034245147,200.0,0
444,444,2314000,-1264.2958658608225,200.0,0
445,445,2319200,-1235.7876623593481,200.0,0
446,446,2324400,-1249.2297645844128,200.0,0
447,447,2329600,-1242.813815366379,200.0,0
448,448,2334800,-1265.829230831045,200.0,0
449,449,2340000,-1254.983041710685,200.0,0
450,450,2345200,-1255.3729890896966,200.0,0
451,451,2350400,-1257.8661844758171,200.0,0
452,452,2355600,-1242.2986701785137,200.0,0
453,453,2360800,-1237.3138476014337,200.0,0
454,454,2366000,-1262.2290176074746,200.0,0
455,455,2371200,-1262.5946119471594,200.0,0
456,456,2376400,-1250.395920605349,200.0,0
457,457,2381600,-1256.0609025529163,200.0,0
458,458,2386800,-1271.0794447319963,200.0,0
459,459,2392000,-1265.2631083842805,200.0,0
460,460,2397200,-1252.498966390644,200.0,0
461,461,2402400,-1254.0652062194156,200.0,0
462,462,2407600,-1263.5302038238888,200.0,0
463,463,2412800,-1273.4511731112818,200.0,0
464,464,2418000,-1271.7794954182157,200.0,0
465,465,2423200,-1238.6400310841173,200.0,0
466,466,2428400,-1229.9770414916957,200.0,0
467,467,2433600,-1284.463927600866,200.0,0
468,468,2438800,-1262.6379132545155,200.0,0
469,469,2444000,-1281.8043232683835,200.0,0
470,470,2449200,-1252.5241450363474,200.0,0
471,471,2454400,-1263.5372186535137,200.0,0
472,472,2459600,-1248.362334005221,200.0,0
473,473,2464800,-1259.173826660945,200.0,0
474,474,2470000,-1246.113310374994,200.0,0
475,475,2475200,-1279.227820288225,200.0,0
476,476,2480400,-1249.580442410027,200.0,0
477,477,2485600,-1263.1219254642915,200.0,0
478,478,2490800,-1278.7364495332783,200.0,0
479,479,2496000,-1265.2143700894035,200.0,0
480,480,2501200,-1236.3535089804157,200.0,0
481,481,2506400,-1272.4350712733212,200.0,0
482,482,2511600,-1261.4835570672303,200.0,0
483,483,2516800,-1262.5002825719362,200.0,0
484,484,2522000,-1244.7073697711444,200.0,0
485,485,2527200,-1280.9972748168168,200.0,0
486,486,2532400,-1271.0816891105028,200.0,0
487,487,2537600,-1283.3206796674026,200.0,0
488,488,2542800,-1258.073379366353,200.0,0
489,489,2548000,-1258.8676020497892,200.0,0
490,490,2553200,-1272.5379886457877,200.0,0
491,491,2558400,-1271.1947389673728,200.0,0
492,492,2563600,-1274.7477040518718,200.0,0
493,493,2568800,-1248.5310413854497,200.0,0
494,494,2574000,-1259.6752882699845,200.0,0
495,495,2579200,-1282.8186229177393,200.0,0
496,496,2584400,-1266.5330979967625,200.0,0
497,497,2589600,-1259.0505543416918,200.0,0
498,498,2594800,-1253.1629518858506,200.0,0
499,499,2600000,-1270.2699344666942,200.0,0
500,500,2605200,-1266.7353818374734,200.0,0
501,501,2610400,-1271.118771291513,200.0,0
502,502,2615600,-1278.7751902595612,200.0,0
503,503,2620800,-1254.150957637528,200.0,0
504,504,2626000,-1267.9022639799512,200.0,0
505,505,2631200,-1265.8072432784752,200.0,0
506,506,2636400,-1262.833222809283,200.0,0
507,507,2641600,-1266.0570065424631,200.0,0
508,508,2646800,-1258.226276361705,200.0,0
509,509,2652000,-1282.8316547704753,200.0,0
510,510,2657200,-1232.2598945905722,200.0,0
511,511,2662400,-1274.3718861339783,200.0,0
512,512,2667600,-1274.9329871374307,200.0,0
513,513,2672800,-1260.957575343902,200.0,0
514,514,2678000,-1248.502560009852,200.0,0
515,515,2683200,-1274.031670083265,200.0,0
516,516,2688400,-1289.7459681186183,200.0,0
517,517,2693600,-1277.2842233021854,200.0,0
518,518,2698800,-1274.6737585606531,200.0,0
519,519,2704000,-1253.4808675063414,200.0,0
520,520,2709200,-1252.7182805435082,200.0,0
521,521,2714400,-1283.248593135398,200.0,0
522,522,2719600,-1266.1529423419695,200.0,0
523,523,2724800,-1254.0722268167642,200.0,0
524,524,2730000,-1251.450297560391,200.0,0
525,525,2735200,-1272.3285294851908,200.0,0
526,526,2740400,-1277.5538789855625,200.0,0
527,527,2745600,-1278.3649085926434,200.0,0
528,528,2750800,-1244.2469846334375,200.0,0
529,529,2756000,-1275.0143025541258,200.0,0
530,530,2761200,-1272.1085315246526,200.0,0
531,531,2766400,-1232.3810926119581,200.0,0
532,532,2771600,-1247.0263598211377,200.0,0
533,533,2776800,-1277.520550650833,200.0,0
534,534,2782000,-1261.8940794793803,200.0,0
535,535,2787200,-1277.1799458977841,200.0,0
536,536,2792400,-1277.1531369396605,200.0,0
537,537,2797600,-1267.811808480311,200.0,0
538,538,2802800,-1252.8596895917185,200.0,0
539,539,2808000,-1255.2314199253267,200.0,0
540,540,2813200,-1265.9342400079147,200.0,0
541,541,2818400,-1262.117634943142,200.0,0
542,542,2823600,-1262.1665549677405,200.0,0
543,543,2828800,-1279.3945618751704,200.0,0
544,544,2834000,-1275.741306236427,200.0,0
545,545,2839200,-1260.3371790553826,200.0,0
546,546,2844400,-1283.4586481224546,200.0,0
547,547,2849600,-1244.45118859106,200.0,0
548,548,2854800,-1250.6265775024162,200.0,0
549,549,2860000,-1260.2183056619078,200.0,0
550,550,2865200,-1271.3659030883007,200.0,0
551,551,2870400,-1229.598584540601,200.0,0
552,552,2875600,-1271.3834971599763,200.0,0
553,553,2880800,-1251.5378666443971,200.0,0
554,554,2886000,-1252.122635246934,200.0,0
555,555,2891200,-1228.4892957425186,200.0,0
556,556,2896400,-1259.6482963651558,200.0,0
557,557,2901600,-1274.344302035712,200.0,0
558,558,2906800,-1252.377154537293,200.0,0
559,559,2912000,-1278.1271060078639,200.0,0
560,560,2917200,-1288.8055247808686,200.0,0
561,561,2922400,-1255.7513164056677,200.0,0
562,562,2927600,-1266.404173147115,200.0,0
563,563,2932800,-1274.037045639775,200.0,0
564,564,2938000,-1248.7894019430094,200.0,0
565,565,2943200,-1285.5388834863695,200.0,0
566,566,2948400,-1285.6767907612973,200.0,0
567,567,2953600,-1257.4952557387676,200.0,0
568,568,2958800,-1276.00996578543,200.0,0
569,569,2964000,-1287.9326219130858,200.0,0
570,570,2969200,-1278.0608947910466,200.0,0
571,571,2974400,-1242.7812692715354,200.0,0
572,572,2979600,-1265.2399546544216,200.0,0
573,573,2984800,-1260.7354527525738,200.0,0
574,574,2990000,-1256.6770615159278,200.0,0
575,575,2995200,-1268.8489385650214,200.0,0
576,576,3000400,-1250.3080562260143,200.0,0
577,577,3005600,-1264.4383074512202,200.0,0
578,578,3010800,-1285.7707396229648,200.0,0
579,579,3016000,-1262.8089293622884,200.0,0
580,580,3021200,-1290.5574027408181,200.0,0
581,581,3026400,-1271.3020046236213,200.0,0
582,582,3031600,-1274.8912332882783,200.0,0
583,583,3036800,-1259.6815869496809,200.0,0
584,584,3042000,-1275.960000367094,200.0,0
585,585,3047200,-1290.8393564569512,200.0,0
586,586,3052400,-1271.9130482395942,200.0,0
587,587,3057600,-1278.4474658251893,200.0,0
588,588,3062800,-1264.2429447382322,200.0,0
589,589,3068000,-1280.6201530578676,200.0,0
590,590,3073200,-1263.895596263233,200.0,0
591,591,3078400,-1265.81024533199,200.0,0
592,592,3083600,-1249.0987363593233,200.0,0
593,593,3088800,-1267.9715897124238,200.0,0
594,594,3094000,-1276.611735401369,200.0,0
595,595,3099200,-1247.8072109548589,200.0,0
596,596,3104400,-1257.2916858032547,200.0,0
597,597,3109600,-1259.2834823389328,200.0,0
598,598,3114800,-1254.6603841030555,200.0,0
599,599,3120000,-1252.6105099622027,200.0,0
600,600,3125200,-1271.4084944692913,200.0,0
601,601,3130400,-1261.9284051225513,200.0,0
602,602,3135600,-1254.9759967281962,200.0,0
603,603,3140800,-1257.6147814412275,200.0,0
604,604,3146000,-1272.6572695229147,200.0,0
605,605,3151200,-1262.1637254634518,200.0,0
606,606,3156400,-1282.1933148940636,200.0,0
607,607,3161600,-1263.788721091171,200.0,0
608,608,3166800,-1245.410231191633,200.0,0
609,609,3172000,-1280.6167078077883,200.0,0
610,610,3177200,-1266.432771473595,200.0,0
611,611,3182400,-1269.6541405036269,200.0,0
612,612,3187600,-1292.3160731430207,200.0,0
613,613,3192800,-1249.719429990216,200.0,0
614,614,3198000,-1259.1213374627912,200.0,0
615,615,3203200,-1265.5891844679047,200.0,0
616,616,3208400,-1248.5488069911787,200.0,0
617,617,3213600,-1286.6533103579438,200.0,0
618,618,3218800,-1267.7391839762993,200.0,0
619,619,3224000,-1293.0442795404037,200.0,0
620,620,3229200,-1260.5650779189177,200.0,0
621,621,3234400,-1273.1778414229098,200.0,0
622,622,3239600,-1268.7104747689953,200.0,0
623,623,3244800,-1243.7812283029205,200.0,0
624,624,3250000,-1266.9528510229368,200.0,0
625,625,3255200,-1273.2953148604242,200.0,0
626,626,3260400,-1253.0367095816405,200.0,0
627,627,3265600,-1280.3853786671057,200.0,0
628,628,3270800,-1271.5664413343063,200.0,0
629,629,3276000,-1268.0015317699776,200.0,0
630,630,3281200,-1246.2496114274056,200.0,0
631,631,3286400,-1254.9416228619125,200.0,0
632,632,3291600,-1273.5646353296531,200.0,0
633,633,3296800,-1246.3572733628623,200.0,0
634,634,3302000,-1261.747722829804,200.0,0
635,635,3307200,-1270.8340051181224,200.0,0
636,636,3312400,-1251.2230227892942,200.0,0
637,637,3317600,-1281.7179552110638,200.0,0
638,638,3322800,-1252.6727236373363,200.0,0
639,639,3328000,-1281.1862753410555,200.0,0
640,640,3333200,-1270.4828527094198,200.0,0
641,641,3338400,-1232.1503883289633,200.0,0
642,642,3343600,-1275.7225749902038,200.0,0
643,643,3348800,-1284.5065755164712,200.0,0
644,644,3354000,-1266.078046550421,200.0,0
645,645,3359200,-1276.5122858050224,200.0,0
646,646,3364400,-1281.4630675512085,200.0,0
647,647,3369600,-1275.441821585166,200.0,0
648,648,3374800,-1293.9727418912248,200.0,0
649,649,3380000,-1274.6096198859814,200.0,0
650,650,3385200,-1290.8405633485088,200.0,0
651,651,3390400,-1289.9093411306628,200.0,0
652,652,3395600,-1258.5400177972126,200.0,0
653,653,3400800,-1268.857214032932,200.0,0
654,654,3406000,-1298.7413492645042,200.0,0
655,655,3411200,-1249.010847817721,200.0,0
656,656,3416400,-1280.5671179926853,200.0,0
657,657,3421600,-1304.7522742789456,200.0,0
658,658,3426800,-1248.8905121590647,200.0,0
659,659,3432000,-1296.5213606071009,200.0,0
660,660,3437200,-1288.850336929372,200.0,0
661,661,3442400,-1304.2112076165163,200.0,0
662,662,3447600,-1288.8149600871898,200.0,0
663,663,3452800,-1285.116212811167,200.0,0
664,664,3458000,-1296.9036320723676,200.0,0
665,665,3463200,-1297.8089272822226,200.0,0
666,666,3468400,-1300.506092966561,200.0,0
667,667,3473600,-1280.734234309504,200.0,0
668,668,3478800,-1293.3884796482089,200.0,0
669,669,3484000,-1278.1234530076579,200.0,0
670,670,3489200,-1289.408734224799,200.0,0
671,671,3494400,-1264.277245025947,200.0,0
672,672,3499600,-1299.090151560703,200.0,0
673,673,3504800,-1283.3385164318947,200.0,0
674,674,3510000,-1303.9651311751109,200.0,0
675,675,3515200,-1284.4045165494692,200.0,0
676,676,3520400,-1258.0637320482103,200.0,0
677,677,3525600,-1267.5518710590795,200.0,0
678,678,3530800,-1277.9531610465924,200.0,0
679,679,3536000,-1291.745746121064,200.0,0
680,680,3541200,-1276.122994126877,200.0,0
681,681,3546400,-1290.5657084967063,200.0,0
682,682,3551600,-1305.9436538795521,200.0,0
683,683,3556800,-1297.6015247884397,200.0,0
684,684,3562000,-1295.8655318469484,200.0,0
685,685,3567200,-1268.4586703084105,200.0,0
686,686,3572400,-1294.4004756112117,200.0,0
687,687,3577600,-1300.4093201894716,200.0,0
688,688,3582800,-1268.1443785076258,200.0,0
689,689,3588000,-1299.7172045017217,200.0,0
690,690,3593200,-1303.0537608335499,200.0,0
691,691,3598400,-1308.1308711900344,200.0,0
692,692,3603600,-1308.0900878643993,200.0,0
693,693,3608800,-1285.3715504149536,200.0,0
694,694,3614000,-1245.400202727511,200.0,0
695,695,3619200,-1281.9143005483706,200.0,0
696,696,3624400,-1284.4246835731747,200.0,0
697,697,3629600,-1274.3846216030774,200.0,0
698,698,3634800,-1273.0424558514785,200.0,0
699,699,3640000,-1281.1713791838747,200.0,0
700,700,3645200,-1309.9645555771958,200.0,0
701,701,3650400,-1303.7178866106576,200.0,0
702,702,3655600,-1315.1950032966956,200.0,0
703,703,3660800,-1297.9687528613829,200.0,0
704,704,3666000,-1302.372315035119,200.0,0
705,705,3671200,-1296.9772546263941,200.0,0
706,706,3676400,-1242.17075404863,200.0,0
707,707,3681600,-1302.303671427368,200.0,0
708,708,3686800,-1305.627786663094,200.0,0
709,709,3692000,-1291.8994843886003,200.0,0
710,710,3697200,-1311.5105474738668,200.0,0
711,711,3702400,-1315.0484840980882,200.0,0
712,712,3707600,-1302.1811555681868,200.0,0
713,713,3712800,-1283.7558460075534,200.0,0
714,714,3718000,-1303.451727046783,200.0,0
715,715,3723200,-1296.2183369894572,200.0,0
716,716,3728400,-1292.9586211192504,200.0,0
717,717,3733600,-1273.3795491114442,200.0,0
718,718,3738800,-1287.8594100332834,200.0,0
719,719,3744000,-1309.2028741513786,200.0,0
720,720,3749200,-1316.0396354989157,200.0,0
721,721,3754400,-1284.9777287053791,200.0,0
722,722,3759600,-1314.5469510370808,200.0,0
723,723,3764800,-1314.6442866440427,200.0,0
724,724,3770000,-1291.332181996284,200.0,0
725,725,3775200,-1316.7528757461741,200.0,0
726,726,3780400,-1295.4221976089684,200.0,0
727,727,3785600,-1311.7935201417672,200.0,0
728,728,3790800,-1320.777154748951,200.0,0
729,729,3796000,-1307.9702956603126,200.0,0
730,730,3801200,-1310.2260317568093,200.0,0
731,731,3806400,-1301.8084748785832,200.0,0
732,732,3811600,-1311.6887213816403,200.0,0
733,733,3816800,-1297.7056904262968,200.0,0
734,734,3822000,-1320.1971304133726,200.0,0
735,735,3827200,-1306.0621704996106,200.0,0
736,736,3832400,-1286.7645876253432,200.0,0
737,737,3837600,-1315.9450190930995,200.0,0
738,738,3842800,-1306.0015188509258,200.0,0
739,739,3848000,-1309.9873559327607,200.0,0
740,740,3853200,-1299.258700237471,200.0,0
741,741,3858400,-1288.766272599817,200.0,0
742,742,3863600,-1287.2359242519253,200.0,0
743,743,3868800,-1283.00473511975,200.0,0
744,744,3874000,-1289.3628690211508,200.0,0
745,745,3879200,-1311.115328504796,200.0,0
746,746,3884400,-1279.1329453683004,200.0,0
747,747,3889600,-1302.7248465469793,200.0,0
748,748,3894800,-1304.7724245076788,200.0,0
749,749,3900000,-1309.3270032199916,200.0,0
750,750,3905200,-1307.3228581604042,200.0,0
751,751,3910400,-1317.6483900718545,200.0,0
752,752,3915600,-1318.2132624920716,200.0,0
753,753,3920800,-1314.1053612533212,200.0,0
754,754,3926000,-1305.9936081739484,200.0,0
755,755,3931200,-1311.0287346112489,200.0,0
756,756,3936400,-1314.2988843014787,200.0,0
757,757,3941600,-1309.5904420448203,200.0,0
758,758,3946800,-1298.327037558196,200.0,0
759,759,3952000,-1300.7103694480927,200.0,0
760,760,3957200,-1309.9790533617866,200.0,0
761,761,3962400,-1298.9179314217529,200.0,0
762,762,3967600,-1299.76144316825,200.0,0
763,763,3972800,-1307.9988193093823,200.0,0
764,764,3978000,-1290.000220164335,200.0,0
765,765,3983200,-1289.1400087626598,200.0,0
766,766,3988400,-1291.119363546077,200.0,0
767,767,3993600,-1303.2653964765416,200.0,0
768,768,3998800,-1306.3803985198406,200.0,0
769,769,4004000,-1302.3329357729517,200.0,0
770,770,4009200,-1309.351357872095,200.0,0
771,771,4014400,-1291.5044698350941,200.0,0
772,772,4019600,-1311.3177900717565,200.0,0
773,773,4024800,-1306.377631548723,200.0,0
774,774,4030000,-1316.7567724127844,200.0,0
775,775,4035200,-1298.971206908255,200.0,0
776,776,4040400,-1301.4929012452692,200.0,0
777,777,4045600,-1305.5239633802344,200.0,0
778,778,4050800,-1311.5436097871902,200.0,0
779,779,4056000,-1309.6129510400367,200.0,0
780,780,4061200,-1308.5577123041116,200.0,0
781,781,4066400,-1303.3840378328389,200.0,0
782,782,4071600,-1314.2900287965297,200.0,0
783,783,4076800,-1307.7457228525275,200.0,0
784,784,4082000,-1286.1045793859246,200.0,0
785,785,4087200,-1317.8935795626128,200.0,0
786,786,4092400,-1305.4947550547306,200.0,0
787,787,4097600,-1296.0571781602996,200.0,0
788,788,4102800,-1320.3500993332034,200.0,0
789,789,4108000,-1330.2403406052063,200.0,0
790,790,4113200,-1313.1564548926906,200.0,0
791,791,4118400,-1313.6649389558372,200.0,0
792,792,4123600,-1306.1260616009547,200.0,0
793,793,4128800,-1325.1825155288482,200.0,0
794,794,4134000,-1307.4578181048319,200.0,0
795,795,4139200,-1285.9232807733922,200.0,0
796,796,4144400,-1310.5463913935414,200.0,0
797,797,4149600,-1300.3427289954861,200.0,0
798,798,4154800,-1319.5248948689925,200.0,0
799,799,4160000,-1289.756782248734,200.0,0
800,800,4165200,-1309.5284966299816,200.0,0
801,801,4170400,-1318.8313851296646,200.0,0
802,802,4175600,-1307.8104255391688,200.0,0
803,803,4180800,-1303.3952882084332,200.0,0
804,804,4186000,-1319.7701517447315,200.0,0
805,805,4191200,-1287.6171365804328,200.0,0
806,806,4196400,-1293.1656291025004,200.0,0
807,807,4201600,-1276.58392583048,200.0,0
808,808,4206800,-1329.4452779490816,200.0,0
809,809,4212000,-1303.3654989535112,200.0,0
810,810,4217200,-1318.7650916599273,200.0,0
811,811,4222400,-1310.485071797376,200.0,0
812,812,4227600,-1309.815529355877,200.0,0
813,813,4232800,-1290.9279708276476,200.0,0
814,814,4238000,-1305.7768787397047,200.0,0
815,815,4243200,-1314.0757784893974,200.0,0
816,816,4248400,-1316.4951742553824,200.0,0
817,817,4253600,-1301.4118604259224,200.0,0
818,818,4258800,-1295.7403145193812,200.0,0
819,819,4264000,-1307.7057996950325,200.0,0
820,820,4269200,-1328.8477570875173,200.0,0
821,821,4274400,-1325.393103511957,200.0,0
822,822,4279600,-1315.4518488380236,200.0,0
823,823,4284800,-1299.3482937749152,200.0,0
824,824,4290000,-1311.9357636749276,200.0,0
825,825,4295200,-1333.2058956267194,200.0,0
826,826,4300400,-1307.6146979178848,200.0,0
827,827,4305600,-1309.4664505354447,200.0,0
828,828,4310800,-1292.3327544129604,200.0,0
829,829,4316000,-1302.0164453035718,200.0,0
830,830,4321200,-1305.0150655809525,200.0,0
831,831,4326400,-1333.756424389565,200.0,0
832,832,4331600,-1323.3050957052542,200.0,0
833,833,4336800,-1321.3776820804144,200.0,0
834,834,4342000,-1329.864388418738,200.0,0
835,835,4347200,-1298.5598646278947,200.0,0
836,836,4352400,-1293.2550725858587,200.0,0
837,837,4357600,-1290.1651909509467,200.0,0
838,838,4362800,-1294.730844249882,200.0,0
839,839,4368000,-1332.153823768117,200.0,0
840,840,4373200,-1319.0091513798159,200.0,0
841,841,4378400,-1317.9905222032603,200.0,0
842,842,4383600,-1326.9741838739303,200.0,0
843,843,4388800,-1301.2075917338966,200.0,0
844,844,4394000,-1300.3486374410472,200.0,0
845,845,4399200,-1311.585418168578,200.0,0
846,846,4404400,-1332.4532629402702,200.0,0
847,847,4409600,-1324.8917562581364,200.0,0
848,848,4414800,-1313.2322191697738,200.0,0
849,849,4420000,-1315.2048151224567,200.0,0
850,850,4425200,-1301.5023305392415,200.0,0
851,851,4430400,-1331.3873353190777,200.0,0
852,852,4435600,-1322.0181543386982,200.0,0
853,853,4440800,-1316.7491735290712,200.0,0
854,854,4446000,-1318.880407582274,200.0,0
855,855,4451200,-1319.0580891651648,200.0,0
856,856,4456400,-1304.1165424332614,200.0,0
857,857,4461600,-1328.5102829454017,200.0,0
858,858,4466800,-1317.3793556263715,200.0,0
859,859,4472000,-1309.9429925423165,200.0,0
860,860,4477200,-1313.5530259227312,200.0,0
861,861,4482400,-1303.0859383576217,200.0,0
862,862,4487600,-1293.786776719143,200.0,0
863,863,4492800,-1323.6218644785,200.0,0
864,864,4498000,-1317.2953194767006,200.0,0
865,865,4503200,-1302.2358874213178,200.0,0
866,866,4508400,-1321.6912084766498,200.0,0
867,867,4513600,-1298.7565515531799,200.0,0
868,868,4518800,-1327.2546969955229,200.0,0
869,869,4524000,-1321.3445191476796,200.0,0
870,870,4529200,-1309.5189538678626,200.0,0
871,871,4534400,-1299.145380423623,200.0,0
872,872,4539600,-1311.9068932929529,200.0,0
873,873,4544800,-1316.664597090237,200.0,0
874,874,4550000,-1295.5868293970416,200.0,0
875,875,4555200,-1314.65560254536,200.0,0
876,876,4560400,-1329.993218916249,200.0,0
877,877,4565600,-1321.7124252570877,200.0,0
878,878,4570800,-1308.0790207001735,200.0,0
879,879,4576000,-1320.169498474781,200.0,0
880,880,4581200,-1324.8891401941328,200.0,0
881,881,4586400,-1324.4008168183357,200.0,0
882,882,4591600,-1313.1238964879494,200.0,0
883,883,4596800,-1289.0203109756114,200.0,0
884,884,4602000,-1311.7906430416938,200.0,0
885,885,4607200,-1306.4385411577496,200.0,0
886,886,4612400,-1313.2254762369173,200.0,0
887,887,4617600,-1327.357360293046,200.0,0
888,888,4622800,-1314.7681607841498,200.0,0
889,889,4628000,-1326.5953234810772,200.0,0
890,890,4633200,-1295.7063600647407,200.0,0
891,891,4638400,-1328.6891694208666,200.0,0
892,892,4643600,-1321.8291352061801,200.0,0
893,893,4648800,-1333.7986880828635,200.0,0
894,894,4654000,-1318.7549897355855,200.0,0
895,895,4659200,-1330.7771821738731,200.0,0
896,896,4664400,-1296.7073189244948,200.0,0
897,897,4669600,-1319.374312699806,200.0,0
898,898,4674800,-1332.5767953250522,200.0,0
899,899,4680000,-1318.630556183019,200.0,0
900,900,4685200,-1333.8132076738648,200.0,0
901,901,4690400,-1324.2326456010246,200.0,0
902,902,4695600,-1320.7314201081617,200.0,0
903,903,4700800,-1323.8503502421029,200.0,0
904,904,4706000,-1320.4018230059132,200.0,0
905,905,4711200,-1331.973335021377,200.0,0
906,906,4716400,-1317.362821691625,200.0,0
907,907,4721600,-1324.98837727505,200.0,0
908,908,4726800,-1314.7547219107207,200.0,0
909,909,4732000,-1309.2246980036045,200.0,0
910,910,4737200,-1318.1614496848874,200.0,0
911,911,4742400,-1301.4085382497974,200.0,0
912,912,4747600,-1317.446541399496,200.0,0
913,913,4752800,-1311.221035017733,200.0,0
914,914,4758000,-1322.708834183156,200.0,0
915,915,4763200,-1301.1732988978993,200.0,0
916,916,4768400,-1309.056684762614,200.0,0
917,917,4773600,-1315.2237116318984,200.0,0
918,918,4778800,-1314.9538754158953,200.0,0
919,919,4784000,-1313.5415774859305,200.0,0
920,920,4789200,-1323.998916131288,200.0,0
921,921,4794400,-1314.9802907705948,200.0,0
922,922,4799600,-1323.7227168048837,200.0,0
923,923,4804800,-1333.8107841060375,200.0,0
924,924,4810000,-1303.3762536973595,200.0,0
925,925,4815200,-1313.8553242908781,200.0,0
926,926,4820400,-1322.240537075898,200.0,0
927,927,4825600,-1323.6369036329952,200.0,0
928,928,4830800,-1324.1743426190246,200.0,0
929,929,4836000,-1320.5436092873465,200.0,0
930,930,4841200,-1315.6464031689852,200.0,0
931,931,4846400,-1294.1646029139092,200.0,0
932,932,4851600,-1321.9394830398362,200.0,0
933,933,4856800,-1330.3926024206328,200.0,0
934,934,4862000,-1302.3299522334214,200.0,0
935,935,4867200,-1328.1410128792256,200.0,0
936,936,4872400,-1322.9407552832552,200.0,0
937,937,4877600,-1331.309489768548,200.0,0
938,938,4882800,-1311.7949973920547,200.0,0
939,939,4888000,-1310.594538271352,200.0,0
940,940,4893200,-1329.7108843437309,200.0,0
941,941,4898400,-1314.3483690934902,200.0,0
942,942,4903600,-1312.8713483593297,200.0,0
943,943,4908800,-1313.0123738489278,200.0,0
944,944,4914000,-1300.97193645825,200.0,0
945,945,4919200,-1332.029342461169,200.0,0
946,946,4924400,-1319.011057476498,200.0,0
947,947,4929600,-1333.9508291361947,200.0,0
948,948,4934800,-1303.3443663716118,200.0,0
949,949,4940000,-1320.2619961388405,200.0,0
950,950,4945200,-1323.0546231378275,200.0,0
951,951,4950400,-1307.4535538319383,200.0,0
952,952,4955600,-1327.1747685977814,200.0,0
953,953,4960800,-1333.3839590182288,200.0,0
954,954,4966000,-1320.4888168424334,200.0,0
955,955,4971200,-1332.24255166832,200.0,0
956,956,4976400,-1334.1300653833207,200.0,0
957,957,4981600,-1289.9420600215403,200.0,0
958,958,4986800,-1326.8963580272382,200.0,0
959,959,4992000,-1310.9920834806207,200.0,0
960,960,4997200,-1311.1042720062042,200.0,0
961,961,5002400,-1330.7480749794752,200.0,0
962,962,5007600,-1305.0846657449306,200.0,0
963,963,5012800,-1326.1956883739394,200.0,0
964,964,5018000,-1288.8217526873332,200.0,0
965,965,5023200,-1320.6571119417595,200.0,0
966,966,5028400,-1320.073866284417,200.0,0
967,967,5033600,-1325.0381618331592,200.0,0
968,968,5038800,-1325.1343398402846,200.0,0
969,969,5044000,-1328.9378990497532,200.0,0
970,970,5049200,-1315.1430219784759,200.0,0
971,971,5054400,-1319.612582221332,200.0,0
972,972,5059600,-1307.1488032390841,200.0,0
973,973,5064800,-1324.6073166981964,200.0,0
974,974,5070000,-1330.8930061207632,200.0,0
975,975,5075200,-1314.6329537783977,200.0,0
976,976,5080400,-1312.409005645952,200.0,0
977,977,5085600,-1324.0673636115453,200.0,0
978,978,5090800,-1327.850771877244,200.0,0
979,979,5096000,-1332.26420642617,200.0,0
980,980,5101200,-1331.1796746158552,200.0,0
981,981,5106400,-1332.1814025862923,200.0,0
982,982,5111600,-1333.9112472231618,200.0,0
983,983,5116800,-1325.9331969740072,200.0,0
984,984,5122000,-1322.3346139854864,200.0,0
985,985,5127200,-1314.4284634456012,200.0,0
986,986,5132400,-1325.6318946126253,200.0,0
987,987,5137600,-1314.6818231067082,200.0,0
988,988,5142800,-1314.5201031269473,200.0,0
989,989,5148000,-1332.1649714686573,200.0,0
990,990,5153200,-1315.8171607808245,200.0,0
991,991,5158400,-1312.7142296656796,200.0,0
992,992,5163600,-1309.573492188697,200.0,0
993,993,5168800,-1319.2274809284572,200.0,0
994,994,5174000,-1324.8888859134763,200.0,0
995,995,5179200,-1319.8732569833758,200.0,0
996,996,5184400,-1328.3687111401769,200.0,0
997,997,5189600,-1320.7008307585604,200.0,0
998,998,5194800,-1323.6431789805388,200.0,0
999,999,5200000,-1322.7430155450882,200.0,0
